algoritmo,tipo_lista,tamanho,tempo_ms,comparacoes,movimentacoes,desvio_ms
bubble_basico,aleatoria,1000,1.0464,499500,245749,0.1336
bubble_otimizado,aleatoria,1000,0.8030,499455,245749,0.0444
insertion_basico,aleatoria,1000,0.4566,246741,245749,0.0198
insertion_binario,aleatoria,1000,0.1037,8586,245749,0.0295
quick_basico,aleatoria,1000,0.0550,11236,5615,0.0144
quick_otimizado,aleatoria,1000,0.0877,11354,4063,0.1401
merge_basico,aleatoria,1000,0.2631,8686,9976,0.0036
merge_otimizado,aleatoria,1000,0.0600,10466,9805,0.0242
bubble_basico,aleatoria,5000,26.2106,12497500,6210526,3.2258
bubble_otimizado,aleatoria,5000,27.1331,12485046,6210526,3.9217
insertion_basico,aleatoria,5000,11.0974,6215516,6210526,0.0888
insertion_binario,aleatoria,5000,0.9860,54487,6210526,0.0446
quick_basico,aleatoria,5000,0.2785,79243,39580,0.0068
quick_otimizado,aleatoria,5000,0.2403,68826,22880,0.0014
merge_basico,aleatoria,5000,1.4879,55301,61808,1.0008
merge_otimizado,aleatoria,5000,0.4408,58585,55995,0.1758
bubble_basico,aleatoria,10000,129.8733,49995000,24957344,4.5706
bubble_otimizado,aleatoria,10000,161.5361,49964250,24957344,33.4804
insertion_basico,aleatoria,10000,51.4345,24967334,24957344,10.6570
insertion_binario,aleatoria,10000,3.8475,118967,24957344,0.6586
quick_basico,aleatoria,10000,0.7155,149463,83179,0.0922
quick_otimizado,aleatoria,10000,0.7132,142437,48837,0.0056
merge_basico,aleatoria,10000,2.4446,120492,133616,0.5538
merge_otimizado,aleatoria,10000,0.6672,127029,121924,0.0180
bubble_basico,aleatoria,20000,632.0686,199990000,99620863,66.4285
bubble_otimizado,aleatoria,20000,616.5481,199887229,99620863,4.1586
insertion_basico,aleatoria,20000,177.3876,99640853,99620863,0.3733
insertion_binario,aleatoria,20000,12.2160,258015,99620863,0.1095
quick_basico,aleatoria,20000,1.2552,336128,187653,0.0025
quick_otimizado,aleatoria,20000,1.1543,311438,101430,0.0423
merge_basico,aleatoria,20000,3.4802,260885,287232,0.4430
merge_otimizado,aleatoria,20000,1.4538,273963,263833,0.0476
quick_otimizado,aleatoria,50000,3.1422,851951,270256,0.0405
merge_basico,aleatoria,50000,8.8804,718095,784464,1.0622
merge_otimizado,aleatoria,50000,3.8313,769280,739942,0.0813
quick_otimizado,aleatoria,100000,6.7025,1907576,560124,0.1579
merge_basico,aleatoria,100000,19.1512,1536315,1668928,2.9445
merge_otimizado,aleatoria,100000,8.0940,1639058,1580260,0.0910
bubble_basico,ordenada,1000,0.3658,499500,0,0.0433
bubble_otimizado,ordenada,1000,0.0007,999,0,0.0000
insertion_basico,ordenada,1000,0.0016,999,0,0.0002
insertion_binario,ordenada,1000,0.0100,7987,0,0.0013
quick_basico,ordenada,1000,0.7196,499500,500499,0.0161
quick_otimizado,ordenada,1000,0.0062,6942,126,0.0010
merge_basico,ordenada,1000,0.1586,4932,9976,0.1322
merge_otimizado,ordenada,1000,0.0108,3956,6000,0.0035
bubble_basico,ordenada,5000,10.9255,12497500,0,3.4487
bubble_otimizado,ordenada,5000,0.0060,4999,0,0.0017
insertion_basico,ordenada,5000,0.0133,4999,0,0.0024
insertion_binario,ordenada,5000,0.0940,51822,0,0.0284
quick_basico,ordenada,5000,17.7466,12497500,12502499,0.0952
quick_otimizado,ordenada,5000,0.0404,49497,1022,0.0011
merge_basico,ordenada,5000,0.5794,29804,61808,0.1358
merge_otimizado,ordenada,5000,0.0611,27124,45000,0.0001
bubble_basico,ordenada,10000,34.9025,49995000,0,3.4542
bubble_otimizado,ordenada,10000,0.0079,9999,0,0.0022
insertion_basico,ordenada,10000,0.0176,9999,0,0.0038
insertion_binario,ordenada,10000,0.1555,113631,0,0.0042
quick_basico,ordenada,10000,71.7143,49995000,50004999,1.0352
quick_otimizado,ordenada,10000,0.0968,108986,2046,0.0291
merge_basico,ordenada,10000,1.2540,64608,133616,0.0384
merge_otimizado,ordenada,10000,0.1324,59248,100000,0.0001
bubble_basico,ordenada,20000,132.6227,199990000,0,3.9013
bubble_otimizado,ordenada,20000,0.0145,19999,0,0.0003
insertion_basico,ordenada,20000,0.0337,19999,0,0.0023
insertion_binario,ordenada,20000,0.4517,247248,0,0.0128
quick_basico,ordenada,20000,278.4529,199990000,200009999,4.2412
quick_otimizado,ordenada,20000,0.1850,237963,4094,0.0117
merge_basico,ordenada,20000,1.8097,139216,287232,0.1811
merge_otimizado,ordenada,20000,0.2920,128496,220000,0.0081
quick_otimizado,ordenada,50000,0.4699,645916,8190,0.0002
merge_basico,ordenada,50000,5.2759,382512,784464,0.9468
merge_otimizado,ordenada,50000,0.9476,347008,600000,0.2503
quick_otimizado,ordenada,100000,1.0614,1391821,16382,0.1457
merge_basico,ordenada,100000,12.1926,815024,1668928,0.6743
merge_otimizado,ordenada,100000,1.7182,744016,1300000,0.0682
bubble_basico,inversa,1000,0.8057,499500,499500,0.0063
bubble_otimizado,inversa,1000,0.8191,499500,499500,0.0429
insertion_basico,inversa,1000,0.8948,499500,499500,0.0177
insertion_binario,inversa,1000,0.0697,8977,499500,0.0148
quick_basico,inversa,1000,0.5346,499500,250499,0.0049
quick_otimizado,inversa,1000,0.0097,11338,1726,0.0005
merge_basico,inversa,1000,0.1299,5044,9976,0.0005
merge_otimizado,inversa,1000,0.0208,10300,13320,0.0036
bubble_basico,inversa,5000,20.7800,12497500,12497500,1.1586
bubble_otimizado,inversa,5000,20.0007,12497500,12497500,0.0610
insertion_basico,inversa,5000,22.2423,12497500,12497500,0.0293
insertion_binario,inversa,5000,1.2231,56809,12497500,0.0163
quick_basico,inversa,5000,13.2738,12497500,6252499,0.0945
quick_otimizado,inversa,5000,0.0752,81024,10592,0.0202
merge_basico,inversa,5000,0.6045,32004,61808,0.0659
merge_otimizado,inversa,5000,0.0859,44324,66960,0.0002
bubble_basico,inversa,10000,82.0459,49995000,49995000,2.5148
bubble_otimizado,inversa,10000,80.6545,49995000,49995000,1.4234
insertion_basico,inversa,10000,88.8930,49995000,49995000,0.4166
insertion_binario,inversa,10000,5.0842,123617,49995000,0.0926
quick_basico,inversa,10000,54.1397,49995000,25004999,3.2894
quick_otimizado,inversa,10000,0.1445,181466,21044,0.0300
merge_basico,inversa,10000,1.2508,69008,133616,0.0787
merge_otimizado,inversa,10000,0.1816,93648,143920,0.0002
bubble_basico,inversa,20000,324.6549,199990000,199990000,2.8004
bubble_otimizado,inversa,20000,322.3913,199990000,199990000,3.2648
insertion_basico,inversa,20000,355.9212,199990000,199990000,0.5766
insertion_binario,inversa,20000,23.0451,267233,199990000,0.2934
quick_basico,inversa,20000,214.9053,199990000,100009999,5.5641
quick_otimizado,inversa,20000,0.2924,402256,41924,0.0054
merge_basico,inversa,20000,2.2597,148016,287232,0.4222
merge_otimizado,inversa,20000,0.3879,197296,307840,0.0077
quick_otimizado,inversa,50000,0.8171,1147194,91330,0.0588
merge_basico,inversa,50000,5.1750,401952,784464,0.9438
merge_otimizado,inversa,50000,1.1524,579408,880512,0.0341
quick_otimizado,inversa,100000,1.7423,2494006,182710,0.1415
merge_basico,inversa,100000,11.8132,853904,1668928,1.5685
merge_otimizado,inversa,100000,2.4435,1208816,1861024,0.1381
bubble_basico,quase_ordenada,1000,0.3632,499500,4105,0.0155
bubble_otimizado,quase_ordenada,1000,0.2921,377793,4105,0.0101
insertion_basico,quase_ordenada,1000,0.0078,5104,4105,0.0006
insertion_binario,quase_ordenada,1000,0.0190,8504,4105,0.0003
quick_basico,quase_ordenada,1000,0.2449,172615,139364,0.0341
quick_otimizado,quase_ordenada,1000,0.0059,6942,135,0.0000
merge_basico,quase_ordenada,1000,0.1272,6096,9976,0.0004
merge_otimizado,quase_ordenada,1000,0.0100,5163,6088,0.0002
bubble_basico,quase_ordenada,5000,8.8636,12497500,83753,0.2559
bubble_otimizado,quase_ordenada,5000,8.2432,11332193,83753,0.0736
insertion_basico,quase_ordenada,5000,0.1462,88752,83753,0.0049
insertion_binario,quase_ordenada,5000,0.1186,54278,83753,0.0017
quick_basico,quase_ordenada,5000,2.1537,2003984,943016,0.1529
quick_otimizado,quase_ordenada,5000,0.0413,49553,1051,0.0014
merge_basico,quase_ordenada,5000,0.6258,41411,61808,0.0131
merge_otimizado,quase_ordenada,5000,0.0708,38813,45224,0.0006
bubble_basico,quase_ordenada,10000,36.1978,49995000,317394,2.6478
bubble_otimizado,quase_ordenada,10000,34.5850,48037483,317394,0.1940
insertion_basico,quase_ordenada,10000,0.5504,327393,317394,0.0058
insertion_binario,quase_ordenada,10000,0.3055,118752,317394,0.0379
quick_basico,quase_ordenada,10000,2.4957,2284744,1001686,0.3177
quick_otimizado,quase_ordenada,10000,0.0876,109084,2199,0.0006
merge_basico,quase_ordenada,10000,1.0848,91309,133616,0.2098
merge_otimizado,quase_ordenada,10000,0.1679,86100,100374,0.0410
bubble_basico,quase_ordenada,20000,142.3030,199990000,1368898,5.3546
bubble_otimizado,quase_ordenada,20000,143.3437,194558745,1368898,4.7077
insertion_basico,quase_ordenada,20000,2.4616,1388897,1368898,0.0606
insertion_binario,quase_ordenada,20000,0.7500,257756,1368898,0.1377
quick_basico,quase_ordenada,20000,5.4468,4330289,2735181,0.3989
quick_otimizado,quase_ordenada,20000,0.1962,238345,4495,0.0142
merge_basico,quase_ordenada,20000,2.2470,205398,287232,0.3767
merge_otimizado,quase_ordenada,20000,0.3387,194946,220807,0.0014
quick_otimizado,quase_ordenada,50000,0.5336,662919,9714,0.0402
merge_basico,quase_ordenada,50000,5.4171,576742,784464,1.0764
merge_otimizado,quase_ordenada,50000,0.9335,542665,602834,0.0245
quick_otimizado,quase_ordenada,100000,1.1018,1402404,19580,0.0621
merge_basico,quase_ordenada,100000,12.6821,1255780,1668928,1.3737
merge_otimizado,quase_ordenada,100000,2.0998,1187256,1305606,0.0828
bubble_basico,repetidos,1000,0.6759,499500,236317,0.0517
bubble_otimizado,repetidos,1000,0.9323,492216,236317,0.1031
insertion_basico,repetidos,1000,0.4099,237314,236317,0.0169
insertion_binario,repetidos,1000,0.1333,8549,236317,0.1615
quick_basico,repetidos,1000,0.0955,52884,52018,0.0098
quick_otimizado,repetidos,1000,0.0147,7781,2520,0.0041
merge_basico,repetidos,1000,0.1730,8488,9976,0.0311
merge_otimizado,repetidos,1000,0.0185,9886,9404,0.0031
bubble_basico,repetidos,5000,23.1864,12497500,5584970,0.1331
bubble_otimizado,repetidos,5000,24.2408,12353665,5584970,0.2845
insertion_basico,repetidos,5000,9.9398,5589967,5584970,0.0483
insertion_binario,repetidos,5000,0.8518,54258,5584970,0.0994
quick_basico,repetidos,5000,1.8927,1265022,1262986,0.0495
quick_otimizado,repetidos,5000,0.1240,50629,17568,0.0096
merge_basico,repetidos,5000,0.7604,53404,61808,0.1248
merge_otimizado,repetidos,5000,0.1777,55876,54802,0.0016
bubble_basico,repetidos,10000,123.9403,49995000,22404088,2.5288
bubble_otimizado,repetidos,10000,129.7722,49510948,22404088,2.4084
insertion_basico,repetidos,10000,39.9268,22414085,22404088,0.1093
insertion_binario,repetidos,10000,2.6242,118556,22404088,0.0498
quick_basico,repetidos,10000,7.3149,5035260,5024271,0.0625
quick_otimizado,repetidos,10000,0.2705,111075,39870,0.0123
merge_basico,repetidos,10000,1.5145,116240,133616,0.0398
merge_otimizado,repetidos,10000,0.3804,121421,119804,0.0080
bubble_basico,repetidos,20000,599.3315,199990000,90411026,44.3563
bubble_otimizado,repetidos,20000,674.4562,197982677,90411026,72.3526
insertion_basico,repetidos,20000,161.3076,90431023,90411026,0.9838
insertion_binario,repetidos,20000,11.1692,257045,90411026,1.0589
quick_basico,repetidos,20000,28.6166,20063413,20045433,0.0502
quick_otimizado,repetidos,20000,0.5320,240468,89878,0.0115
merge_basico,repetidos,20000,2.6528,251870,287232,0.4521
merge_otimizado,repetidos,20000,0.7797,262162,259558,0.0188
quick_otimizado,repetidos,50000,1.3911,663134,256863,0.0741
merge_basico,repetidos,50000,6.6756,692716,784464,0.9471
merge_otimizado,repetidos,50000,1.9636,733753,726142,0.0502
quick_otimizado,repetidos,100000,2.8951,1447309,560837,0.3186
merge_basico,repetidos,100000,14.3084,1479389,1668928,2.2002
merge_otimizado,repetidos,100000,4.0890,1561398,1552218,0.1588
